value	title
1	CC8758
2	CC8757
3	CC8756
4	CC8755
5	CC8754
6	CC8753
7	CC8752
8	CC8751
9	CC8749
10	CC8748
11	CC8747
12	CC8746
13	CC8745
14	CC8744
15	CC8743
16	CC8742
17	CC8741
18	CC8739
19	CC8738
20	CC8737
21	CC8736
22	CC8735
23	CC8734
24	CC8733
25	CC8732
26	CC8731
27	CC8730
28	CC8729
29	CC8728
30	CC8727
31	CC8726
32	CC8725
33	CC8724
34	CC8723
35	CC8722
36	CC8721
37	CC8720
38	CC8719
39	CC8718
40	CC8717
41	CC8715
42	CC8714
43	CC8711
44	CC8705
45	CC8712
46	CC8716
47	CC8707
48	CC8762
49	CC8771
50	CC8759
51	CC8744-2
52	CC8741-2
53	CC8795
54	CC8741-3
55	CC8741-4
56	CC8796
57	CC8741-5
58	CC8726-2
59	CC8726-3
60	CC8708
61	CC8741-6
62	CC8765
63	CC8763
64	CC8766
65	CC8767
66	CC8741-8
67	CC8741-7
68	CC8768
69	CC8725-2
70	CC8722-2
71	CC8741-9
72	CC8727-2
73	CC8726-4
74	CC8772
75	CC8769
76	CC8741-10
77	CC8722-25
78	CC8722-3
79	CC8799
80	CC8785
81	CC8761
82	CC8798
83	CC8797
84	CC8716-2
85	CC8783
86	CC8744-3
87	CC8788
88	CC8787
89	CC8778
90	CC8774
91	CC8789
92	CC8777
93	CC8774-113
94	CC8793
95	CC8711-126
96	CC8722-89
97	CC8765-01
98	CC8794
99	CC8770
100	CC8791
101	CC8764
102	CC8750
103	CC8791-131
104	CC8744-4
105	CC22BR
106	CC8740
107	CC8726-5
108	CC8767-13
109	CC8760
110	CC8713
111	CC8792-77
112	CC8792
113	CC8728-2
114	CC8801
115	CC8802
116	CC8804
117	CC8807
118	CC8809
119	CC8809-143
120	CC8810
121	CC8810-158
122	CC8734-157
123	CC8814
124	CC8814-142
125	CC8722-26
126	CC8726-7
127	CC8789-159
128	CC8817
129	CC8820
130	CC8820-01
131	CC8810-02
